NÂº,League,Date,Time,Home,Away,FT_Odd_H,FT_Odd_D,FT_Odd_A,HT_Odd_Ov05,HT_Odd_Un05,FT_Odd_Ov15,FT_Odd_Un15,FT_Odd_Ov25,FT_Odd_Un25,FT_Odd_BTTS_Y,FT_Odd_BTTS_N,Prob_H,Prob_D,Prob_A,Prob_Ov05_HT,Prob_Un05_HT,Prob_Ov15_FT,Prob_Un15_FT,Prob_Ov25_FT,Prob_Un25_FT,Prob_BTTS_Y_FT,Prob_BTTS_N_FT,H_D,H_A,D_H,D_A,A_H,A_D,Dif_Abs_HomeAway,Dif_Abs_HomeDraw,Dif_Abs_DrawAway,Angle_HomeAway,Angle_HomeDraw,Angle_DrawAway,Dif_Perc_HomeAway,Dif_Perc_HomeDraw,Dif_Perc_DrawAway,CV_Match_Odds,CV_Match_Type,Media_Ptos_Home,CV_Media_Ptos_Home,Media_Ptos_Away,CV_Media_Ptos_Away,Media_Saldo_Golos_Home_HT,Media_Saldo_Golos_Away_HT,Media_Golos_Marcados_Home_HT,CV_Media_Golos_Marcados_Home_HT,Media_Golos_Marcados_Away_HT,CV_Media_Golos_Marcados_Away_HT,Media_Golos_Sofridos_Home_HT,CV_Media_Golos_Sofridos_Home_HT,Media_Golos_Sofridos_Away_HT,CV_Media_Golos_Sofridos_Away_HT,Media_Saldo_Golos_Home,Media_Saldo_Golos_Away,Media_Golos_Marcados_Home,CV_Media_Golos_Marcados_Home,Media_Golos_Marcados_Away,CV_Media_Golos_Marcados_Away,Media_Golos_Sofridos_Home,CV_Media_Golos_Sofridos_Home,Media_Golos_Sofridos_Away,CV_Media_Golos_Sofridos_Away,Media_CG_01_Marcados_Home,CV_Media_CG_01_Marcados_Home,Media_CG_01_Marcados_Away,CV_Media_CG_01_Marcados_Away,Media_CG_01_Sofridos_Home,CV_Media_CG_01_Sofridos_Home,Media_CG_01_Sofridos_Away,CV_Media_CG_01_Sofridos_Away,Media_CG_02_Marcados_Home,CV_Media_CG_02_Marcados_Home,Media_CG_02_Marcados_Away,CV_Media_CG_02_Marcados_Away,Media_CG_02_Sofridos_Home,CV_Media_CG_02_Sofridos_Home,Media_CG_02_Sofridos_Away,CV_Media_CG_02_Sofridos_Away,Media_Shots_Home,CV_Media_Shots_Home,Media_Shots_Away,CV_Media_Shots_Away,Media_Shots_Against_Home,CV_Media_Shots_Against_Home,Media_Shots_Against_Away,CV_Media_Shots_Against_Away,Media_Shots_per_Goal_Home,CV_Media_Shots_per_Goal_Home,Media_Shots_per_Goal_Away,CV_Media_Shots_per_Goal_Away,Media_Shots_per_Goal_Against_Home,CV_Media_Shots_per_Goal_Against_Home,Media_Shots_per_Goal_Against_Away,CV_Media_Shots_per_Goal_Against_Away,Media_Shots_On_Target_Home,CV_Media_Shots_On_Target_Home,Media_Shots_On_Target_Away,CV_Media_Shots_On_Target_Away,Media_Shots_On_Target_Against_Home,CV_Media_Shots_On_Target_Against_Home,Media_Shots_On_Target_Against_Away,CV_Media_Shots_On_Target_Against_Away,Media_Shots_On_Target_per_Goal_Home,CV_Media_Shots_On_Target_per_Goal_Home,Media_Shots_On_Target_per_Goal_Away,CV_Media_Shots_On_Target_per_Goal_Away,Media_Shots_On_Target_per_Goal_Against_Home,CV_Media_Shots_On_Target_per_Goal_Against_Home,Media_Shots_On_Target_per_Goal_Against_Away,CV_Media_Shots_On_Target_per_Goal_Against_Away,Media_Goal_Attempts_Home,CV_Media_Goal_Attempts_Home,Media_Goal_Attempts_Away,CV_Media_Goal_Attempts_Away,Media_Goal_Attempts_Against_Home,CV_Media_Goal_Attempts_Against_Home,Media_Goal_Attempts_Against_Away,CV_Media_Goal_Attempts_Against_Away,Media_Goal_Attempts_per_Goal_Home,CV_Media_Goal_Attempts_per_Goal_Home,Media_Goal_Attempts_per_Goal_Away,CV_Media_Goal_Attempts_per_Goal_Away,Media_Goal_Attempts_per_Goal_Against_Home,CV_Media_Goal_Attempts_per_Goal_Against_Home,Media_Goal_Attempts_per_Goal_Against_Away,CV_Media_Goal_Attempts_per_Goal_Against_Away,Media_Corners_Home,CV_Media_Corners_Home,Media_Corners_Away,CV_Media_Corners_Away,Media_Corners_Against_Home,CV_Media_Corners_Against_Home,Media_Corners_Against_Away,CV_Media_Corners_Against_Away,Media_Ball_Possession_Home,CV_Media_Ball_Possession_Home,Media_Ball_Possession_Away,CV_Media_Ball_Possession_Away,Media_Ball_Possession_Against_Home,CV_Media_Ball_Possession_Against_Home,Media_Ball_Possession_Against_Away,CV_Media_Ball_Possession_Against_Away,Media_RPS_MO_Home,CV_Media_RPS_MO_Home,Media_RPS_MO_Away,CV_Media_RPS_MO_Away,Media_RPS_OvUn_Home,CV_Media_RPS_OvUn_Home,Media_RPS_OvUn_Away,CV_Media_RPS_OvUn_Away,Media_RPS_BTTS_Home,CV_Media_RPS_BTTS_Home,Media_RPS_BTTS_Away,CV_Media_RPS_BTTS_Away,Media_Prob_Home,CV_Media_Prob_Home,Media_Prob_Away,CV_Media_Prob_Away,Poisson_0_GM_Home,Poisson_1_GM_Home,Poisson_2_GM_Home,Poisson_3_GM_Home,Poisson_4_GM_Home,Poisson_0_GM_Away,Poisson_1_GM_Away,Poisson_2_GM_Away,Poisson_3_GM_Away,Poisson_4_GM_Away,Poisson_0_GS_Home,Poisson_1_GS_Home,Poisson_2_GS_Home,Poisson_3_GS_Home,Poisson_4_GS_Home,Poisson_0_GS_Away,Poisson_1_GS_Away,Poisson_2_GS_Away,Poisson_3_GS_Away,Poisson_4_GS_Away,Probabilidade_Goals_Scored_Home,Probabilidade_Goals_Scored_Away,Probabilidade_Goals_Taken_Home,Probabilidade_Goals_Taken_Away,Media_Power_Ranking_Home,CV_Media_Power_Ranking_Home,Media_Power_Ranking_Away,CV_Media_Power_Ranking_Away,Media_First_Goal_Home,Media_First_Goal_Away,Media_First_Goal_Taken_Home,Media_First_Goal_Taken_Away,Perc_Scored_1_Goal_1st_Half_Home,Perc_Scored_1_Goal_1st_Half_Away,Perc_Took_1_Goal_1st_Half_Home,Perc_Took_1_Goal_1st_Half_Away,Perc_Scored_1_Goal_FT_Home,Perc_Scored_1_Goal_FT_Away,Perc_Took_1_Goal_FT_Home,Perc_Took_1_Goal_FT_Away,Perc_Scored_at_least_1_Goal_Home,Perc_Scored_at_least_1_Goal_Away,Perc_Took_at_least_1_Goal_Home,Perc_Took_at_least_1_Goal_Away,Perc_of_Games_BTTS_Yes_Home,Perc_of_Games_BTTS_Yes_Away,Perc_Over_05_HT_Home,Perc_Over_05_HT_Away,Perc_Under_05_HT_Home,Perc_Under_05_HT_Away,Perc_Over_15_HT_Home,Perc_Over_15_HT_Away,Perc_Under_15_HT_Home,Perc_Under_15_HT_Away,Perc_Over_15_FT_Home,Perc_Over_15_FT_Away,Perc_Under_15_FT_Home,Perc_Under_15_FT_Away,Perc_Over_25_FT_Home,Perc_Over_25_FT_Away,Perc_Under_25_FT_Home,Perc_Under_25_FT_Away,Perc_Wins_HT_Home,Perc_Wins_HT_Away,Perc_Wins_FT_Home,Perc_Wins_FT_Away,Favorite,Probability_Home,Probability_Away,Balance,Over_Under,BTTS_Yes_No,Points,Goal_Difference,Scored_Goals,Conceded_Goals,Home_Score_Take,Away_Score_Take,RPS_MO,RPS_OVUnd,RPS_BTTS
1,PARAGUAY - COPA DE PRIMERA,2025-02-11,00:30,Ameliano,2 de Mayo,2.3,3.1,3.0,1.57,2.25,1.5,2.5,2.5,1.5,2.1,1.67,0.4347826086956522,0.3225806451612903,0.3333333333333333,0.6369,0.4444,0.6667,0.4,0.4,0.6667,0.4762,0.5988,0.7419,0.7667,1.3478,1.0333,1.3043,0.9677,0.7,0.8,0.1,19.29,21.8014,-2.8624,0.2333,0.2581,0.0333,0.139,Balanced Game,0.9519,1.366,1.6729,0.7604,-0.2795,0.6214,0.0796,3.7877,0.6485,1.0396,0.3591,1.4049,0.2824,1.654,-0.3907,0.6214,0.6587,1.6756,1.2877,0.9248,1.0494,0.9529,0.6663,1.3874,1.9501,0.2085,4.5988,0.1956,3.1957,0.2542,2.271,0.277,0.5408,0.1498,0.7934,0.0608,0.6771,0.1604,0.4752,0.2489,-1.0,-0.0,-1.0,-0.0,-0.837,-0.0,-0.7005,-0.0,-0.2121,-1.5752,-0.3788,-0.9857,-0.4848,-0.9282,-0.2273,-1.5125,-1.0,-0.0,-1.0,-0.0,-0.837,-0.0,-0.7005,-0.0,-0.2121,-1.5752,-0.3788,-0.9857,-0.4848,-0.9282,-0.2273,-1.5125,-1.0,-0.0,-1.0,-0.0,-1.0,-0.0,-1.0,-0.0,-0.2121,-1.5752,-0.3788,-0.9857,-0.4848,-0.9282,-0.2273,-1.5125,-1.0,-0.0,-1.0,-0.0,-1.0,-0.0,-1.0,-0.0,-1.0,-0.0,-1.0,-0.0,-1.0,-0.0,-1.0,-0.0,0.3033,0.0406,0.344,0.0561,0.3802,0.0957,0.3212,0.1392,0.4977,0.0141,0.4487,0.0357,0.3543,0.0474,0.314,0.0678,0.5175,0.3409,0.1123,0.0247,0.0041,0.2759,0.3553,0.2287,0.0982,0.0316,0.3501,0.3674,0.1928,0.0674,0.0177,0.5136,0.3422,0.114,0.0253,0.0042,0.718,1.1946,0.9906,0.5582,54.2707,1.4578,74.9835,0.9669,20.64,23.36,25.55,11.0,9.09,45.45,36.36,27.27,18.18,45.45,63.64,27.27,18.18,45.45,63.64,27.27,18.18,27.27,45.45,72.73,54.55,27.27,0.0,18.18,100.0,81.82,81.82,72.73,54.55,27.27,27.27,27.27,72.73,72.73,9.09,45.45,27.27,45.45,Home Fav,p_Bigger,p_Bigger,Balanced,Under_Tendency,No_Tendency,Points_Away,Bigger_Away,Bigger_Away,Bigger_Home,No,No,Bigger_Away,Bigger_Home,Bigger_Home
2,EGYPT - PREMIER LEAGUE,2025-02-11,15:00,Petrojet,Smouha,2.8,2.7,2.6,1.62,2.2,1.57,2.25,2.7,1.4,2.2,1.6,0.35714285714285715,0.37037037037037035,0.3846153846153846,0.6173,0.4545,0.6369,0.4444,0.3704,0.7143,0.4545,0.625,1.037,1.0769,0.9643,1.0385,0.9286,0.963,0.2,0.1,0.1,-5.7106,-2.8624,-2.8624,0.0769,0.037,0.0385,0.0303,Super Balanced Game,1.5106,0.9015,0.9618,1.3519,-0.101,-0.8787,0.2169,2.7801,0.4297,1.6002,0.3178,2.1215,0.9577,0.784,-0.0624,-0.8787,0.8089,0.9282,0.7482,1.396,0.8713,0.9023,1.6269,0.6366,2.1046,0.1116,2.2101,0.2236,2.3364,0.0962,6.1906,0.0424,0.6115,0.0809,0.6334,0.191,0.566,0.0641,0.9061,0.0681,3.0919,1.7838,2.0282,1.9073,1.86,1.8037,1.1219,2.7116,2.5455,1.9134,0.2424,5.9257,0.6818,2.9748,0.8939,2.4299,1.6956,1.996,1.1167,2.6371,0.7897,2.8212,0.6278,3.0451,1.6818,1.8436,0.3333,5.1143,0.5909,3.0932,0.3485,3.3506,6.0856,1.4509,4.0513,1.5816,3.4042,1.6532,2.9654,1.6089,4.6818,1.6422,0.8485,3.47,1.5909,2.454,1.7121,1.9391,1.5744,1.9736,1.6414,1.9886,2.3818,1.6349,0.9207,2.8247,18.8494,1.2968,20.5265,1.3323,25.859,1.1801,20.0778,1.3104,0.3198,0.0591,0.2946,0.09,0.2647,0.0465,0.317,0.0476,0.4781,0.0385,0.5059,0.0451,0.4048,0.0474,0.3578,0.0386,0.4453,0.3602,0.1457,0.0393,0.0079,0.4732,0.3541,0.1325,0.033,0.0062,0.4184,0.3646,0.1588,0.0461,0.01,0.1965,0.3197,0.2601,0.1411,0.0574,0.7643,1.0036,0.6733,1.549,72.0898,1.1201,55.6092,1.0925,39.27,20.36,22.55,28.0,9.09,27.27,27.27,45.45,36.36,36.36,45.45,54.55,36.36,36.36,45.45,54.55,36.36,45.45,36.36,72.73,63.64,27.27,18.18,54.55,81.82,45.45,81.82,90.91,54.55,27.27,27.27,54.55,72.73,45.45,9.09,18.18,45.45,27.27,Away Fav,Media_Bigger,p_Bigger,Super_Balanced,Under_Tendency,No_Tendency,Points_Home,Bigger_Home,Bigger_Home,Bigger_Away,No,No,Bigger_Home,Bigger_Away,Bigger_Away
3,EGYPT - PREMIER LEAGUE,2025-02-11,15:00,Pharco,Zamalek,4.2,3.4,1.74,1.45,2.55,1.33,2.88,2.08,1.61,1.98,1.68,0.23809523809523808,0.29411764705882354,0.5747126436781609,0.6897,0.3922,0.7519,0.3472,0.4808,0.6211,0.5051,0.5952,1.2353,2.4138,0.8095,1.954,0.4143,0.5118,2.46,0.8,1.66,-50.8886,-21.8014,-39.6927,1.4138,0.2353,0.954,0.3991,Unbalanced Game,1.234,1.0481,1.4297,0.9525,-0.0958,0.1953,0.9048,0.8298,0.5509,1.4271,1.0006,0.7503,0.5947,1.1562,0.0103,0.1953,1.2998,0.8617,1.3379,0.8433,1.2896,0.7612,1.1426,0.7275,4.9822,0.123,3.0055,0.1736,5.2022,0.0573,2.5266,0.0707,0.8351,0.086,1.0207,0.1183,0.7441,0.0876,0.7934,0.0788,1.3024,2.8126,1.4645,2.9678,0.992,3.436,1.9775,1.7636,1.0909,3.2784,0.4091,4.7905,1.7424,1.7102,0.1818,9.1441,1.7145,2.1638,0.7971,4.178,1.177,2.8132,0.9401,2.7025,1.0682,2.5165,0.0682,17.2009,1.5303,1.5106,0.0455,28.4242,4.0995,1.683,3.1737,2.2741,4.6152,1.4384,2.1936,2.4749,2.8864,2.2357,0.8864,3.0776,3.9091,1.51,0.6364,4.0534,0.8122,3.4144,1.3274,3.1801,1.6872,2.1549,0.6825,4.1064,20.3362,1.2842,18.3154,1.6842,22.6376,1.2267,13.4109,1.6186,0.3309,0.0363,0.2925,0.0725,0.3183,0.0619,0.4254,0.0386,0.5499,0.0571,0.5041,0.0224,0.3065,0.0496,0.496,0.0486,0.2726,0.3543,0.2303,0.0998,0.0324,0.2624,0.3511,0.2348,0.1047,0.035,0.2754,0.3551,0.229,0.0984,0.0317,0.319,0.3645,0.2082,0.0793,0.0227,1.278,1.7239,1.096,1.2693,64.4032,1.3945,82.3629,0.7375,29.36,34.09,22.82,34.91,27.27,45.45,45.45,18.18,36.36,54.55,54.55,36.36,36.36,54.55,54.55,36.36,63.64,54.55,72.73,72.73,27.27,27.27,54.55,36.36,45.45,63.64,90.91,100.0,27.27,18.18,45.45,54.55,54.55,45.45,18.18,45.45,36.36,45.45,Away Fav,Media_Bigger,p_Bigger,Unbalanced,Under_Tendency,No_Tendency,Points_Away,Bigger_Away,Bigger_Away,Bigger_Home,Yes,Yes,Bigger_Home,Bigger_Away,Bigger_Home
4,EGYPT - PREMIER LEAGUE,2025-02-11,18:00,Al Ahly,Ghazl El Mahallah,1.26,4.9,9.0,1.36,2.8,1.26,3.3,1.88,1.76,2.45,1.44,0.7936507936507936,0.2040816326530612,0.1111111111111111,0.7353,0.3571,0.7937,0.303,0.5319,0.5682,0.4082,0.6944,0.2571,0.14,3.8889,0.5444,7.1429,1.8367,7.74,3.64,4.1,75.5118,61.2134,63.9967,0.86,0.7429,0.4556,0.8177,Unbalanced Game,2.1089,0.5311,0.6656,1.7892,0.301,-1.1146,0.7193,1.0438,0.1966,2.3759,0.4182,1.1169,0.6707,0.7522,0.9876,-1.1146,2.361,0.5796,0.5635,2.1402,1.3734,0.6512,1.6781,0.7232,3.9309,0.0296,2.5609,0.292,1.9318,0.1344,9.66,0.0309,1.5527,0.0495,0.446,0.1639,0.8254,0.0575,0.9005,0.0724,3.0097,1.7078,1.2067,2.6842,5.7968,0.6043,0.9208,5.3485,1.9242,1.8411,0.0227,29.7357,0.2727,5.1445,0.3788,4.7595,2.6345,2.0287,0.2556,7.8423,4.1098,0.6479,0.3897,8.4965,1.8788,2.1761,0.1136,7.5827,0.2727,4.5922,0.1364,9.2383,7.4419,1.4701,2.2205,2.078,2.9072,2.2736,5.3506,1.7064,4.6515,1.6537,0.3182,3.9921,0.8636,2.8018,1.0606,3.1099,1.5089,2.2818,0.2103,8.7913,1.22,3.0248,1.4901,2.4061,23.0964,1.3232,12.5247,1.6202,16.2751,1.4484,22.529,1.4279,0.2003,0.1493,0.2859,0.0637,0.4785,0.0696,0.3803,0.0589,0.4566,0.0907,0.443,0.0375,0.6509,0.0467,0.2556,0.1045,0.0943,0.2227,0.2629,0.2069,0.1221,0.5692,0.3208,0.0904,0.017,0.0024,0.2532,0.3478,0.2388,0.1093,0.0375,0.1867,0.3133,0.2629,0.1471,0.0617,2.3647,0.589,0.9101,1.498,125.7033,0.2267,-33.6692,-3.7814,36.82,14.0,34.09,22.91,63.64,9.09,9.09,63.64,90.91,9.09,9.09,72.73,90.91,9.09,9.09,72.73,63.64,27.27,72.73,72.73,27.27,27.27,27.27,18.18,72.73,81.82,100.0,81.82,9.09,45.45,63.64,45.45,36.36,54.55,54.55,9.09,72.73,18.18,Home Fav,p_Bigger,Media_Bigger,Unbalanced,Under_Tendency,No_Tendency,Points_Home,Bigger_Home,Bigger_Home,Bigger_Away,Yes,No,Bigger_Away,Bigger_Home,Bigger_Home
5,TURKEY - 1. LIG,2025-02-11,18:00,Manisa FK,Kocaelispor,3.2,3.3,2.2,1.4,2.75,1.29,3.5,1.95,1.85,1.73,2.0,0.3125,0.30303030303030304,0.45454545454545453,0.7143,0.3636,0.7752,0.2857,0.5128,0.5405,0.578,0.5,0.9697,1.4545,1.0312,1.5,0.6875,0.6667,1.0,0.1,1.1,-26.5651,2.8624,-28.8108,0.4545,0.0303,0.5,0.1943,Balanced Game,1.3909,1.0351,1.7833,0.8488,-0.1953,0.3064,0.4278,2.1608,0.622,1.264,0.6231,1.4835,0.6087,1.1296,-0.0309,0.3064,0.9252,1.6617,1.5841,0.7071,0.9561,0.9872,1.2778,1.0393,2.1737,0.0906,4.0955,0.1968,1.9601,0.101,3.2438,0.0691,0.851,0.0696,1.0375,0.1405,0.7147,0.0982,0.8103,0.0671,4.3375,0.8994,5.4075,0.5746,4.9081,0.4821,5.1253,0.6187,0.7182,1.7243,2.4091,0.9027,1.9697,1.3118,1.9015,1.3111,4.4027,0.8929,3.3459,0.9764,5.418,0.3598,4.4129,0.7269,1.2727,1.4421,1.4242,0.9085,1.7273,1.0058,1.7273,1.1677,12.1585,0.6999,10.8985,0.6035,7.8324,0.5395,9.2933,0.6092,2.4455,1.3353,5.1818,0.8648,4.7121,1.103,3.9242,1.131,5.6911,0.795,3.4516,0.9473,4.4255,0.6613,3.4594,0.7123,48.1477,0.391,41.8938,0.4486,40.6569,0.3922,45.0778,0.4125,0.3084,0.0694,0.281,0.1007,0.4793,0.038,0.4664,0.0472,0.5699,0.0442,0.5543,0.0814,0.5202,0.0611,0.4387,0.0807,0.3965,0.3668,0.1697,0.0523,0.0121,0.2051,0.325,0.2574,0.1359,0.0538,0.3844,0.3675,0.1757,0.056,0.0134,0.2786,0.3561,0.2275,0.0969,0.031,1.3687,1.7417,1.0961,1.2873,93.0621,0.3396,98.6475,1.0653,10.27,34.18,21.82,28.27,45.45,45.45,36.36,45.45,45.45,54.55,45.45,45.45,45.45,54.55,45.45,45.45,27.27,45.45,81.82,90.91,18.18,9.09,18.18,27.27,81.82,72.73,90.91,100.0,54.55,27.27,36.36,63.64,63.64,36.36,45.45,45.45,45.45,63.64,Away Fav,Media_Bigger,p_Bigger,Balanced,Under_Tendency,Yes_Tendency,Points_Away,Bigger_Away,Bigger_Away,Bigger_Away,Yes,Yes,Bigger_Home,Bigger_Home,Bigger_Home
6,EUROPE - CHAMPIONS LEAGUE,2025-02-11,18:45,Brest,PSG,7.5,5.25,1.36,1.25,3.75,1.14,5.5,1.5,2.63,1.7,2.05,0.13333333333333333,0.19047619047619047,0.7352941176470588,0.8,0.2667,0.8772,0.1818,0.6667,0.3802,0.5882,0.4878,1.4286,5.5147,0.7,3.8603,0.1813,0.259,6.14,2.25,3.89,-71.9579,-48.3665,-62.7905,4.5147,0.4286,2.8603,0.7685,Unbalanced Game,1.8618,0.6984,1.4135,0.9199,0.3776,0.32,0.9135,0.8479,0.7838,1.9311,0.5359,0.9744,0.8461,0.8127,0.322,0.32,1.37,0.8803,1.4919,1.1216,1.048,0.7931,1.1719,0.661,4.4147,0.1845,3.3918,0.2625,3.6824,0.1022,2.5709,0.1464,0.9936,0.0985,1.2808,0.1238,0.63,0.1717,0.7808,0.1386,5.6137,0.6346,4.958,0.5934,4.4269,0.5542,5.9428,0.3943,2.0985,1.0943,1.6136,1.1007,2.7273,0.8844,2.0455,1.1746,4.9583,0.3875,5.8043,0.5986,2.6372,0.7838,6.1124,0.3279,2.197,0.64,2.6667,0.9597,2.5455,0.8308,2.3182,0.9513,13.2495,0.3155,13.6069,0.4316,11.8142,0.3173,10.6532,0.4088,5.5833,0.7564,5.4394,1.0282,6.8788,0.7886,6.4545,0.8601,3.4671,0.5514,5.6424,0.8368,4.7555,0.5424,2.8311,0.7064,44.0753,0.2357,61.1778,0.1603,55.9247,0.1857,38.8222,0.2526,0.3057,0.0644,0.2569,0.0557,0.4951,0.0374,0.7726,0.0274,0.4971,0.035,0.503,0.0614,0.3509,0.1334,0.5616,0.0522,0.2541,0.3481,0.2385,0.1089,0.0373,0.2249,0.3356,0.2503,0.1245,0.0464,0.3506,0.3675,0.1926,0.0673,0.0176,0.3098,0.363,0.2127,0.0831,0.0243,1.8622,1.8097,1.135,0.8097,55.5332,1.1509,85.4451,1.159,21.45,23.91,36.55,32.82,63.64,45.45,27.27,45.45,72.73,45.45,27.27,45.45,72.73,45.45,27.27,45.45,54.55,54.55,90.91,90.91,9.09,9.09,45.45,36.36,54.55,63.64,100.0,90.91,18.18,18.18,45.45,54.55,54.55,45.45,54.55,45.45,63.64,54.55,Away Fav,Media_Bigger,p_Bigger,Unbalanced,Over_Tendency,Yes_Tendency,Points_Home,Bigger_Home,Bigger_Away,Bigger_Away,Yes,Yes,Bigger_Home,Bigger_Away,Bigger_Away
7,ENGLAND - CHAMPIONSHIP,2025-02-11,20:45,Coventry,QPR,1.8,3.5,4.5,1.4,2.75,1.29,3.75,1.9,1.95,1.8,1.91,0.5555555555555556,0.2857142857142857,0.2222222222222222,0.7143,0.3636,0.7752,0.2667,0.5263,0.5128,0.5556,0.5236,0.5143,0.4,1.9444,0.7778,2.5,1.2857,2.7,1.7,1.0,53.4711,40.3645,26.5651,0.6,0.4857,0.2222,0.4077,Unbalanced Game,1.9883,0.654,1.0644,1.1748,-0.1374,-0.5531,0.6626,1.7623,0.1888,2.1425,0.8001,0.9826,0.4095,2.2574,0.7819,-0.5531,1.8768,0.6054,0.5857,1.3813,1.0949,0.8621,1.1388,0.9172,3.6,0.0539,2.4617,0.3323,2.1164,0.3051,5.8326,0.0351,1.2252,0.0559,0.438,0.2205,0.8161,0.1125,0.6653,0.0606,6.7317,0.2604,3.0594,0.6771,7.7251,0.2036,2.0052,1.3348,3.6061,0.6692,1.0,1.5652,1.7273,1.1961,2.3939,1.328,5.5137,0.5751,1.861,1.2445,6.5762,0.204,2.3153,1.0628,2.553,0.4589,1.3182,1.6117,1.4545,0.9778,2.2879,0.8718,16.9165,0.3604,7.5717,0.6263,9.5316,0.2934,15.8877,0.3614,8.5076,0.5224,3.0909,1.4858,4.0,1.0503,6.7576,1.0404,7.0127,0.4558,3.4441,0.6759,3.5525,0.5381,7.9173,0.516,61.1769,0.1685,37.124,0.2503,38.8231,0.2655,62.876,0.1478,0.3168,0.0366,0.3283,0.0725,0.5343,0.0803,0.4389,0.0355,0.4926,0.0595,0.4899,0.0267,0.5413,0.0534,0.2397,0.1106,0.1531,0.2873,0.2696,0.1687,0.0791,0.5567,0.3261,0.0955,0.0186,0.0027,0.3346,0.3663,0.2005,0.0732,0.02,0.3202,0.3646,0.2076,0.0788,0.0224,2.2123,0.6128,1.3941,1.0674,189.0535,0.6297,-116.0843,-1.3531,32.09,25.36,19.36,33.64,36.36,18.18,45.45,18.18,45.45,36.36,45.45,45.45,45.45,36.36,45.45,45.45,63.64,27.27,81.82,36.36,18.18,63.64,45.45,9.09,54.55,90.91,90.91,81.82,18.18,27.27,81.82,18.18,18.18,81.82,27.27,18.18,54.55,27.27,Home Fav,p_Bigger,Media_Bigger,Unbalanced,Over_Tendency,Yes_Tendency,Points_Home,Bigger_Home,Bigger_Home,Bigger_Away,Yes,No,Bigger_Away,Bigger_Home,Bigger_Home
8,ENGLAND - CHAMPIONSHIP,2025-02-11,20:45,Derby,Oxford Utd,2.05,3.25,3.75,1.5,2.5,1.44,2.75,2.3,1.62,2.0,1.73,0.48780487804878053,0.3076923076923077,0.26666666666666666,0.6667,0.4,0.6944,0.3636,0.4348,0.6173,0.5,0.578,0.6308,0.5467,1.5854,0.8667,1.8293,1.1538,1.7,1.2,0.5,40.3645,30.9638,14.0362,0.4533,0.3692,0.1333,0.2713,Balanced Game,0.8564,1.5666,0.6601,1.3702,-0.1,-1.2466,0.4267,2.1894,0.2525,1.8499,0.5267,1.3055,0.6465,1.2687,-0.1761,-1.2466,1.1087,1.0741,0.4988,1.3785,1.2847,0.7041,1.7455,0.6953,3.0483,0.1073,2.2955,0.452,3.531,0.2415,13.2871,0.1971,0.8342,0.1038,0.3823,0.639,0.8342,0.1448,0.8823,0.2577,4.5582,0.5003,3.4246,0.6705,3.2069,0.5826,2.1616,0.9883,2.75,0.9191,1.3182,1.5572,1.9545,1.0134,3.2803,0.8389,4.0358,0.433,2.7743,0.729,3.2993,0.5218,2.0219,1.1337,2.6136,0.8591,1.3636,1.1949,2.2576,0.8516,3.1742,0.8647,12.6312,0.3727,8.8361,0.5073,10.4381,0.4571,15.2357,0.3181,8.25,0.8871,3.9545,1.2394,6.5455,0.8591,8.8106,0.8323,5.7487,0.3518,3.6048,0.5421,5.1572,0.5016,5.8248,0.5613,45.7747,0.1378,42.1374,0.238,54.2253,0.1163,57.8626,0.1733,0.3102,0.1309,0.2845,0.0868,0.3963,0.082,0.4722,0.0618,0.4881,0.04,0.4568,0.0225,0.3956,0.1345,0.2192,0.2701,0.33,0.3659,0.2028,0.075,0.0208,0.6073,0.3029,0.0755,0.0126,0.0016,0.2767,0.3555,0.2284,0.0978,0.0314,0.1746,0.3047,0.2659,0.1547,0.0675,1.3654,0.6313,1.3654,1.6313,44.3539,2.1411,-113.8613,-1.3468,27.09,21.73,36.45,31.09,36.36,18.18,36.36,36.36,45.45,27.27,54.55,63.64,45.45,27.27,54.55,63.64,54.55,36.36,72.73,54.55,27.27,45.45,27.27,18.18,72.73,81.82,100.0,90.91,18.18,27.27,45.45,27.27,54.55,72.73,27.27,18.18,27.27,9.09,Home Fav,p_Bigger,p_Bigger,Balanced,Under_Tendency,No_Tendency,Points_Home,Bigger_Home,Bigger_Home,Bigger_Away,Yes,No,Bigger_Home,Bigger_Away,Bigger_Home
9,ENGLAND - CHAMPIONSHIP,2025-02-11,20:45,Portsmouth,Cardiff,2.2,3.4,3.2,1.44,2.63,1.33,3.4,2.1,1.73,1.83,1.83,0.45454545454545453,0.29411764705882354,0.3125,0.6944,0.3802,0.7519,0.2941,0.4762,0.578,0.5464,0.5464,0.6471,0.6875,1.5455,1.0625,1.4545,0.9412,1.0,1.2,0.2,26.5651,30.9638,-5.7106,0.3125,0.3529,0.0625,0.2027,Balanced Game,1.9569,0.6645,0.8585,1.0179,0.5512,-0.4223,0.9042,1.0439,0.6667,1.0112,0.353,1.4292,0.8087,0.7456,1.2485,-0.4223,1.9504,0.8092,1.0849,0.7662,0.7018,0.9215,1.5072,0.7485,6.4508,0.2146,4.4667,0.0973,2.3526,0.1419,6.1842,0.0761,1.1116,0.1237,0.6709,0.0699,0.5207,0.2931,0.8982,0.0734,5.1379,0.4199,4.9742,0.3043,2.8036,0.6271,2.5125,0.73,1.7121,0.9745,2.8182,0.9194,2.3636,0.9512,3.4091,0.7328,4.9167,0.5225,2.8802,0.4239,1.8871,0.6627,1.9865,1.2218,2.0682,1.071,1.7273,0.8122,1.5,1.0853,2.2424,0.4451,13.8683,0.2664,11.1014,0.4068,9.3985,0.3013,13.7596,0.3165,5.5455,1.1349,6.7273,0.9123,5.2273,0.9188,8.6894,0.6219,8.668,0.298,3.4448,0.6526,4.8262,0.5013,5.6381,0.4436,44.3062,0.21,41.5581,0.2977,55.6938,0.1671,58.4419,0.2117,0.3823,0.1292,0.3716,0.0409,0.4421,0.0477,0.4757,0.046,0.4961,0.0204,0.506,0.0291,0.3141,0.2642,0.2509,0.0223,0.1422,0.2774,0.2705,0.1759,0.0858,0.3379,0.3666,0.1989,0.0719,0.0195,0.4957,0.3479,0.1221,0.0286,0.005,0.2215,0.3339,0.2516,0.1264,0.0476,1.9732,1.0918,0.7914,1.5464,102.8574,1.0822,-21.853,-4.0436,23.0,22.36,25.18,30.0,45.45,36.36,27.27,36.36,54.55,45.45,27.27,45.45,54.55,45.45,27.27,45.45,54.55,72.73,72.73,72.73,27.27,27.27,36.36,54.55,63.64,45.45,81.82,90.91,27.27,27.27,63.64,45.45,36.36,54.55,54.55,9.09,54.55,9.09,Home Fav,p_Bigger,p_Bigger,Balanced,Under_Tendency,No_Tendency,Points_Home,Bigger_Home,Bigger_Home,Bigger_Away,No,Yes,Bigger_Home,Bigger_Away,Bigger_Away
10,ENGLAND - CHAMPIONSHIP,2025-02-11,20:45,Watford,Leeds,6.25,4.2,1.5,1.33,3.25,1.25,4.0,1.8,2.0,1.83,1.83,0.16,0.23809523809523808,0.6666666666666666,0.7519,0.3077,0.8,0.25,0.5556,0.5,0.5464,0.5464,1.4881,4.1667,0.672,2.8,0.24,0.3571,4.75,2.05,2.7,-67.1663,-45.7073,-53.4711,3.1667,0.4881,1.8,0.6276,Unbalanced Game,2.1082,0.6708,1.2967,0.8638,0.0075,0.1277,0.4005,1.2597,0.2836,1.647,0.393,1.7496,0.7297,0.8863,0.4271,0.1277,1.3727,0.4711,1.213,1.1116,0.9456,0.879,1.0853,1.0469,3.2163,0.126,2.2926,0.0956,2.2046,0.354,2.0299,0.3181,0.8581,0.0634,0.912,0.099,0.6763,0.157,0.8211,0.1118,3.9844,0.3629,5.3463,0.4759,7.6629,0.3421,7.4066,0.3127,3.0455,0.7022,2.4621,0.9941,2.3182,1.0882,1.7576,1.1694,4.2566,0.5781,4.0923,0.4931,5.3747,0.4198,6.2916,0.3128,2.8182,0.8102,1.9091,1.0399,2.3182,1.0129,1.2879,0.8779,11.2905,0.3049,14.6577,0.2196,12.5885,0.3119,7.9274,0.5672,7.8182,0.5198,6.947,1.024,5.9545,1.071,4.0909,0.9305,5.6193,0.5062,6.0965,0.5154,3.9987,0.4805,4.0526,0.741,52.0441,0.2503,60.2885,0.1729,47.9559,0.2716,39.7115,0.2624,0.3266,0.0661,0.3639,0.0561,0.491,0.0251,0.4295,0.1469,0.483,0.0329,0.4921,0.0343,0.4435,0.0561,0.5512,0.043,0.2534,0.3479,0.2388,0.1092,0.0375,0.2973,0.3606,0.2187,0.0884,0.0268,0.3884,0.3673,0.1737,0.0547,0.0129,0.3378,0.3666,0.1989,0.072,0.0195,1.3526,1.2684,0.989,1.0866,105.6093,0.7286,61.9291,1.1948,47.36,32.64,19.18,11.09,18.18,9.09,36.36,63.64,45.45,18.18,45.45,63.64,45.45,18.18,45.45,63.64,63.64,45.45,54.55,72.73,45.45,27.27,18.18,18.18,81.82,81.82,90.91,81.82,36.36,45.45,63.64,27.27,36.36,72.73,18.18,9.09,63.64,27.27,Away Fav,Media_Bigger,p_Bigger,Unbalanced,Over_Tendency,No_Tendency,Points_Home,Bigger_Home,Bigger_Home,Bigger_Away,Yes,Yes,Bigger_Away,Bigger_Home,Bigger_Away
11,ENGLAND - LEAGUE ONE,2025-02-11,20:45,Birmingham,Cambridge Utd,1.29,5.5,9.0,1.33,3.25,1.22,4.0,1.7,2.1,2.1,1.67,0.7751937984496123,0.18181818181818182,0.1111111111111111,0.7519,0.3077,0.8197,0.25,0.5882,0.4762,0.4762,0.5988,0.2345,0.1433,4.2636,0.6111,6.9767,1.6364,7.71,4.21,3.5,75.4578,64.5895,60.2551,0.8567,0.7655,0.3889,0.8364,Unbalanced Game,2.054,0.5685,0.3539,1.4255,0.6869,-1.821,0.8839,0.9404,0.3295,1.9627,0.197,1.5305,1.2368,1.243,0.5826,-1.821,1.2569,0.6436,0.8074,0.9737,0.6743,1.3854,2.6284,0.7487,2.0418,0.26,4.1132,0.1077,0.8273,0.3427,12.4989,0.0684,1.0182,0.0969,0.4734,0.0839,0.5636,0.1384,1.3825,0.0769,1.3845,2.7855,2.7479,1.0199,5.5895,0.4402,0.8019,3.363,1.7273,1.8233,1.4091,1.6247,-0.0303,-15.1287,1.0909,1.1722,1.8957,1.6236,1.7381,1.2143,3.1004,0.6302,1.354,2.7919,1.3182,1.3386,0.7273,1.6374,0.1515,6.5538,1.5455,0.929,6.9938,1.4795,6.5654,0.8294,3.1755,1.5369,10.0711,0.7068,6.1364,1.3189,3.2273,1.395,0.3333,4.7333,3.8333,0.9434,2.8856,1.4784,3.3911,1.1816,0.7849,2.8385,3.7459,0.8556,35.8131,0.9953,32.0343,0.6843,16.7814,1.0174,42.8078,0.6551,0.2658,0.1746,0.2585,0.113,0.6475,0.027,0.5374,0.0301,0.5427,0.0372,0.5168,0.0499,0.6727,0.0404,0.2195,0.0232,0.2845,0.3576,0.2248,0.0942,0.0296,0.446,0.3601,0.1454,0.0391,0.0079,0.5095,0.3436,0.1158,0.026,0.0044,0.0722,0.1898,0.2494,0.2185,0.1436,1.3828,0.7468,0.4736,2.565,97.5781,0.6148,-37.903,-2.48,22.82,26.55,18.0,26.82,63.64,18.18,9.09,36.36,81.82,27.27,9.09,54.55,81.82,27.27,9.09,54.55,18.18,54.55,72.73,54.55,27.27,45.45,27.27,45.45,72.73,54.55,90.91,81.82,18.18,18.18,9.09,72.73,90.91,27.27,63.64,9.09,63.64,0.0,Home Fav,p_Bigger,Media_Bigger,Unbalanced,Over_Tendency,No_Tendency,Points_Home,Bigger_Home,Bigger_Home,Bigger_Away,No,No,Bigger_Home,Bigger_Home,Bigger_Home
12,ENGLAND - LEAGUE ONE,2025-02-11,20:45,Blackpool,Rotherham,2.05,3.4,3.4,1.44,2.63,1.33,3.25,2.05,1.75,1.91,1.91,0.48780487804878053,0.29411764705882354,0.29411764705882354,0.6944,0.3802,0.7519,0.3077,0.4878,0.5714,0.5236,0.5236,0.6029,0.6029,1.6585,1.0,1.6585,1.0,1.35,1.35,0.0,34.0193,34.0193,0.0,0.3971,0.3971,0.0,0.2546,Balanced Game,0.794,0.5094,0.5223,1.7886,-0.1537,-0.8539,0.4706,1.4326,0.296,3.123,0.6243,1.3138,0.6976,1.2527,-0.206,-0.8539,1.1219,0.6904,0.4591,2.2559,1.3279,0.6581,1.3131,0.9242,2.1774,0.1759,1.3727,0.2958,2.5683,0.1262,4.0544,0.0699,0.7551,0.1549,0.4426,0.2133,0.846,0.1154,0.8972,0.0869,3.6333,1.2049,1.9819,1.2855,4.4904,0.6997,1.6422,1.9116,2.0909,1.6801,0.4242,2.487,1.1364,1.6355,1.0833,2.1053,2.2028,1.215,1.7312,1.6814,3.4251,0.7991,2.0509,1.7556,1.4091,1.6855,0.8788,3.0874,0.8182,1.7977,1.1742,1.7506,9.7397,0.9323,6.4223,0.9508,7.265,0.969,8.5638,0.9928,5.6364,1.3419,1.8788,2.5094,2.7727,1.3599,3.447,1.441,2.5892,1.2012,2.9378,1.2221,3.2115,1.0827,2.6191,1.259,35.8692,0.8583,30.3981,0.8119,27.7652,0.8482,34.5448,0.7889,0.426,0.1026,0.3314,0.0498,0.5207,0.03,0.4511,0.031,0.4649,0.0316,0.5048,0.0305,0.5102,0.02,0.3399,0.0677,0.3257,0.3654,0.2049,0.0766,0.0215,0.6319,0.2901,0.0666,0.0102,0.0012,0.265,0.3519,0.2337,0.1034,0.0343,0.269,0.3532,0.2319,0.1015,0.0333,1.09,0.7185,1.2718,1.6277,28.5493,3.0015,10.0997,9.3926,40.55,9.64,36.45,26.73,9.09,9.09,36.36,54.55,36.36,18.18,36.36,72.73,36.36,18.18,36.36,72.73,72.73,18.18,45.45,63.64,54.55,36.36,27.27,18.18,72.73,81.82,72.73,90.91,27.27,63.64,45.45,18.18,54.55,81.82,9.09,9.09,0.0,9.09,Home Fav,Media_Bigger,Media_Bigger,Balanced,Under_Tendency,No_Tendency,Points_Home,Bigger_Home,Bigger_Home,Bigger_Home,Yes,No,Bigger_Home,Bigger_Home,Bigger_Away
13,ENGLAND - LEAGUE ONE,2025-02-11,20:45,Bristol Rovers,Stockport County,4.5,3.5,1.75,1.4,2.75,1.3,3.4,2.03,1.83,1.91,1.91,0.2222222222222222,0.2857142857142857,0.5714285714285714,0.7143,0.3636,0.7692,0.2941,0.4926,0.5464,0.5236,0.5236,1.2857,2.5714,0.7778,2.0,0.3889,0.5,2.75,1.0,1.75,-53.9726,-26.5651,-41.1859,1.5714,0.2857,1.0,0.4221,Unbalanced Game,1.2045,0.9887,0.6839,1.9617,-0.0875,-0.494,0.4442,1.1357,0.7751,0.9994,0.5318,1.293,1.0259,0.7318,-0.1044,-0.494,1.0533,0.8961,0.9454,1.2597,1.1578,0.8637,1.4394,0.5462,3.3596,0.0894,2.7165,0.2002,3.6568,0.1416,4.2119,0.1645,0.627,0.1466,0.8288,0.0986,0.6725,0.196,0.8288,0.115,1.618,1.5702,1.5367,1.4338,2.0001,1.8901,1.6639,1.3266,0.7879,2.4616,0.7576,1.9289,2.1364,1.7137,1.0,1.6432,1.8759,1.55,2.6241,1.6298,1.7675,1.8996,1.1358,2.0112,0.8939,1.9982,1.2424,1.5831,1.5455,1.8212,0.7727,1.6207,5.5085,1.0111,6.5823,1.1007,9.7612,0.8925,4.5685,1.051,2.7879,1.5918,3.4849,1.4845,5.2879,1.5607,3.0,1.1738,2.4958,1.2967,2.2281,1.2012,4.7537,1.073,2.2884,1.5855,31.6316,0.7716,31.2417,0.9095,35.5711,0.7858,29.906,0.8775,0.3374,0.0735,0.2506,0.2171,0.4927,0.0274,0.4323,0.1094,0.5478,0.0307,0.5326,0.0727,0.345,0.0559,0.3849,0.0613,0.3488,0.3674,0.1935,0.0679,0.0179,0.3885,0.3673,0.1736,0.0547,0.0129,0.3142,0.3638,0.2106,0.0813,0.0235,0.2371,0.3412,0.2456,0.1178,0.0424,0.9415,1.335,1.0325,1.335,1.5316,41.2768,67.0399,1.0568,30.27,12.18,25.09,27.73,27.27,63.64,36.36,36.36,45.45,63.64,36.36,36.36,45.45,63.64,36.36,36.36,45.45,54.55,63.64,100.0,36.36,0.0,9.09,81.82,90.91,18.18,81.82,100.0,36.36,9.09,18.18,54.55,81.82,45.45,27.27,36.36,27.27,27.27,Away Fav,Media_Bigger,p_Bigger,Unbalanced,Under_Tendency,No_Tendency,Points_Home,Bigger_Home,Bigger_Home,Bigger_Away,Yes,Yes,Bigger_Home,Bigger_Home,Bigger_Home
14,ENGLAND - LEAGUE ONE,2025-02-11,20:45,Charlton,Peterborough,1.7,4.1,4.2,1.33,3.25,1.22,4.0,1.7,2.1,1.7,2.05,0.5882352941176471,0.24390243902439027,0.23809523809523808,0.7519,0.3077,0.8197,0.25,0.5882,0.4762,0.5882,0.4878,0.4146,0.4048,2.4118,0.9762,2.4706,1.0244,2.5,2.4,0.1,51.3402,50.1944,2.8624,0.5952,0.5854,0.0238,0.4589,Unbalanced Game,1.5448,0.7856,0.0631,4.7781,0.0071,-1.7292,0.4913,1.6694,0.2483,1.8812,0.4842,1.0785,0.6635,1.1849,0.2747,-1.7292,1.3139,0.5984,0.5755,1.1715,1.0392,0.8607,2.3047,0.5233,2.5553,0.1456,1.9865,0.5121,2.0335,0.221,7.973,0.065,0.9071,0.0352,0.4731,0.5324,0.7707,0.1653,1.3367,0.0986,3.62,1.0296,1.7813,1.2667,6.2127,0.5689,1.7296,2.1236,1.7727,1.3953,1.0909,1.5037,1.2273,2.0961,2.0424,1.5758,2.9454,1.2267,1.4936,1.4998,2.5186,0.7941,2.2901,1.782,1.5,1.3984,1.0909,1.5037,0.4545,2.6244,2.197,1.6199,9.0808,0.857,5.9904,0.9093,5.9792,0.8975,10.3444,0.8784,4.6364,1.1219,3.8182,1.2821,2.5,1.7297,6.1152,1.3945,3.307,1.146,2.7389,1.4421,2.0264,1.2834,3.6722,1.2847,33.6819,0.7578,39.3546,0.6888,34.7832,0.7462,32.5782,0.6756,0.3498,0.0646,0.2336,0.0475,0.467,0.0233,0.6724,0.0366,0.5046,0.0264,0.4887,0.063,0.5414,0.0957,0.3098,0.1101,0.2688,0.3531,0.232,0.1016,0.0334,0.5624,0.3237,0.0931,0.0179,0.0026,0.3537,0.3676,0.191,0.0662,0.0172,0.0998,0.23,0.265,0.2036,0.1173,1.3698,0.4811,1.097,2.2083,72.1544,0.7189,11.9774,6.9875,36.18,25.0,22.27,42.91,18.18,0.0,45.45,54.55,36.36,18.18,45.45,81.82,36.36,18.18,45.45,81.82,63.64,54.55,63.64,54.55,36.36,45.45,36.36,36.36,63.64,63.64,81.82,100.0,27.27,27.27,54.55,72.73,45.45,27.27,18.18,0.0,36.36,0.0,Home Fav,p_Bigger,Media_Bigger,Unbalanced,Over_Tendency,Yes_Tendency,Points_Home,Bigger_Home,Bigger_Home,Bigger_Away,Yes,No,Bigger_Home,Bigger_Away,Bigger_Home
15,ENGLAND - LEAGUE ONE,2025-02-11,20:45,Crawley,Stevenage,3.1,3.4,2.2,1.44,2.63,1.36,3.0,2.15,1.67,1.95,1.8,0.3225806451612903,0.29411764705882354,0.45454545454545453,0.6944,0.3802,0.7353,0.3333,0.4651,0.5988,0.5128,0.5556,0.9118,1.4091,1.0968,1.5455,0.7097,0.6471,0.9,0.3,1.2,-24.2277,8.5308,-30.9638,0.4091,0.0882,0.5455,0.1957,Balanced Game,1.3647,0.9979,1.4094,0.9662,0.276,-0.1784,0.5351,0.9759,0.3894,1.7314,0.2591,1.9471,0.1709,2.3669,0.1691,-0.1784,1.6113,0.7391,0.7689,1.1764,1.4422,1.2887,0.9473,1.1026,5.8641,0.2071,2.5863,0.1186,5.5335,0.1238,3.2361,0.1389,1.018,0.1737,0.5182,0.0527,0.9726,0.1566,0.6091,0.2092,2.1335,1.7458,1.8824,1.1748,1.2301,1.9609,1.6865,1.4055,1.3485,2.3738,0.5758,2.7532,0.7727,1.5935,0.4545,2.2251,1.283,1.8564,2.7215,1.081,1.348,2.1616,1.3295,1.7799,0.803,1.9665,1.5758,1.9087,1.0636,1.4198,0.5455,2.2247,5.3578,1.306,8.2737,0.7989,6.1661,1.1082,7.2424,0.8241,3.0303,1.7901,3.8788,1.623,2.7545,1.4169,1.5455,1.861,1.5252,1.8838,3.5712,1.0579,4.1641,1.0468,4.41,0.8507,31.3383,0.8765,33.3284,0.7075,32.2188,0.8051,38.6147,0.6717,0.3694,0.0547,0.3477,0.0336,0.5669,0.031,0.3617,0.0583,0.5382,0.0243,0.4654,0.0612,0.3088,0.0334,0.3091,0.0369,0.1996,0.3217,0.2591,0.1392,0.0561,0.4635,0.3564,0.137,0.0351,0.0068,0.2364,0.3409,0.2459,0.1182,0.0426,0.3878,0.3674,0.174,0.0549,0.013,1.7693,0.7334,1.6785,0.9152,28.7135,4.0132,53.4519,1.1626,32.36,26.82,26.0,18.64,36.36,27.27,36.36,18.18,54.55,36.36,45.45,36.36,54.55,36.36,45.45,36.36,45.45,27.27,72.73,45.45,27.27,54.55,18.18,9.09,81.82,90.91,100.0,72.73,27.27,54.55,54.55,27.27,45.45,72.73,36.36,27.27,36.36,36.36,Away Fav,p_Bigger,p_Bigger,Balanced,Under_Tendency,No_Tendency,Points_Away,Bigger_Home,Bigger_Home,Bigger_Home,Yes,No,Bigger_Home,Bigger_Home,Bigger_Home
16,ENGLAND - LEAGUE ONE,2025-02-11,20:45,Leyton Orient,Mansfield,1.9,3.6,3.75,1.44,2.63,1.33,3.25,2.05,1.75,1.95,1.8,0.5263157894736842,0.2777777777777778,0.26666666666666666,0.6944,0.3802,0.7519,0.3077,0.4878,0.5714,0.5128,0.5556,0.5278,0.5067,1.8947,0.96,1.9737,1.0417,1.85,1.7,0.15,42.7688,40.3645,4.2892,0.4933,0.4722,0.04,0.3358,Unbalanced Game,2.0216,0.6293,0.5494,2.1951,0.6155,-0.6958,0.9047,1.2108,0.6561,1.5379,0.2892,1.3987,0.4597,1.4958,1.135,-0.6958,1.7133,0.7751,0.7605,1.3734,0.5783,1.3989,1.4563,0.7747,3.6038,0.1215,2.6457,0.2478,1.1636,0.5955,5.5459,0.3471,1.1639,0.1522,0.605,0.2671,0.4366,0.2183,0.8777,0.147,3.163,1.0222,3.3265,1.0182,3.6481,0.8314,1.6796,1.6917,1.4546,1.3145,1.3333,1.6808,0.1364,4.6628,1.4394,1.8295,3.4839,1.0892,1.7713,1.9689,2.2539,0.9535,1.7156,1.6355,1.6515,1.1278,0.9242,1.5031,0.2273,4.0994,1.197,1.4587,9.1132,0.877,7.4062,1.0236,5.2089,1.0319,6.7418,0.8727,4.0,1.108,3.4697,1.4485,0.5909,3.6062,3.803,1.2222,4.3003,1.016,3.1597,1.3656,2.1505,1.3964,1.856,1.5135,34.7057,0.7883,30.884,0.8086,30.1524,0.7443,36.1091,0.7536,0.2253,0.1625,0.2488,0.1399,0.4343,0.0548,0.5634,0.0117,0.4777,0.0358,0.5392,0.0506,0.5096,0.0795,0.3009,0.112,0.1803,0.3089,0.2646,0.1511,0.0647,0.4674,0.3555,0.1352,0.0343,0.0065,0.5609,0.3243,0.0938,0.0181,0.0026,0.2331,0.3395,0.2472,0.12,0.0437,1.9023,0.7222,0.4477,1.2676,109.9958,0.6218,46.5002,1.8448,23.55,17.45,4.73,34.55,63.64,36.36,18.18,36.36,72.73,36.36,18.18,54.55,72.73,36.36,18.18,54.55,0.0,45.45,81.82,72.73,18.18,27.27,18.18,36.36,81.82,63.64,90.91,90.91,18.18,45.45,45.45,54.55,54.55,45.45,63.64,36.36,72.73,18.18,Home Fav,p_Bigger,Media_Bigger,Unbalanced,Under_Tendency,No_Tendency,Points_Home,Bigger_Home,Bigger_Home,Bigger_Away,No,No,Bigger_Away,Bigger_Away,Bigger_Away
17,ENGLAND - LEAGUE TWO,2025-02-11,20:45,AFC Wimbledon,Crewe,1.75,3.3,5.0,1.53,2.38,1.44,2.63,2.5,1.5,2.25,1.57,0.5714285714285714,0.30303030303030304,0.2,0.6536,0.4202,0.6944,0.3802,0.4,0.6667,0.4444,0.6369,0.5303,0.35,1.8857,0.66,2.8571,1.5152,3.25,1.55,1.7,58.3925,37.7757,40.3645,0.65,0.4697,0.34,0.4371,Unbalanced Game,1.3301,0.8953,1.5817,0.9532,0.0916,0.2316,0.3239,2.5323,0.2276,2.6494,0.2322,2.1727,0.5957,0.8469,0.0786,0.2316,1.0059,0.8688,1.1509,0.8201,0.9274,0.8963,0.9193,0.8426,1.9509,0.6061,3.7872,0.2486,1.8191,0.2861,2.9964,0.2401,0.88,0.2952,0.7097,0.1223,0.8346,0.207,0.6643,0.1513,1.6263,1.3573,1.0074,2.2833,6.7027,0.5137,0.851,3.5181,1.1364,1.3503,0.6515,2.4603,1.0455,2.7677,1.0909,2.253,1.8813,1.3542,0.5292,3.8135,3.2869,0.6057,0.4312,5.195,1.1818,1.1705,0.6515,2.3625,0.5,2.7568,0.8182,2.4789,6.0058,1.0478,3.1509,1.6233,5.1049,1.083,3.8181,1.5683,3.5909,1.0782,2.6515,1.691,2.4091,1.9598,3.0909,1.785,2.2427,1.4715,1.099,2.5561,2.5088,1.2327,1.7576,1.9103,36.1921,0.773,23.539,1.2443,30.8478,0.802,21.1777,1.2312,0.4142,0.1842,0.3687,0.0746,0.4438,0.0279,0.4953,0.0414,0.4982,0.0207,0.5384,0.0254,0.5782,0.0403,0.3285,0.0326,0.3657,0.3679,0.185,0.062,0.0156,0.3164,0.3641,0.2095,0.0804,0.0231,0.3956,0.3669,0.1701,0.0526,0.0122,0.3988,0.3666,0.1685,0.0516,0.0119,1.3518,1.2194,1.261,1.1286,69.2866,0.8418,86.7134,1.0772,34.82,49.09,28.36,20.82,27.27,9.09,18.18,63.64,45.45,36.36,54.55,63.64,45.45,36.36,54.55,63.64,45.45,45.45,45.45,72.73,54.55,27.27,18.18,9.09,81.82,90.91,100.0,100.0,45.45,36.36,36.36,45.45,63.64,54.55,27.27,9.09,27.27,45.45,Home Fav,Media_Bigger,Media_Bigger,Unbalanced,Under_Tendency,No_Tendency,Points_Away,Bigger_Away,Bigger_Away,Bigger_Home,Yes,Yes,Bigger_Home,Bigger_Away,Bigger_Away
18,ENGLAND - LEAGUE TWO,2025-02-11,20:45,Barrow,MK Dons,2.15,3.3,3.3,1.44,2.63,1.33,3.25,2.08,1.73,1.83,1.83,0.46511627906976744,0.30303030303030304,0.30303030303030304,0.6944,0.3802,0.7519,0.3077,0.4808,0.578,0.5464,0.5464,0.6515,0.6515,1.5349,1.0,1.5349,1.0,1.15,1.15,0.0,29.8989,29.8989,0.0,0.3485,0.3485,0.0,0.214,Balanced Game,0.9857,1.1113,1.8499,0.7645,0.4853,0.7512,1.0455,0.4277,1.2622,0.8874,0.5602,1.2274,0.8993,1.2181,-0.3052,0.7512,1.3268,0.5926,2.5874,0.5133,1.632,0.6913,1.8362,0.9053,3.0783,0.1755,6.2281,0.2456,3.9602,0.231,4.4361,0.0529,0.8543,0.1677,1.6319,0.2204,0.9907,0.1517,1.1319,0.0723,1.6134,1.152,2.1507,1.4717,1.8746,1.2705,4.8539,0.9985,1.1061,1.6728,0.8243,1.4115,0.5303,2.3886,2.4545,1.383,3.1454,1.0683,3.0126,1.3232,3.343,0.8177,4.5194,0.876,1.9545,1.4492,1.1364,1.2071,1.1515,1.6071,1.9773,1.341,7.4295,0.788,6.3353,1.1681,6.4081,0.8182,10.7899,0.8386,4.7424,1.0779,2.4849,0.9896,2.5303,1.4179,5.947,1.1297,4.5281,0.9332,1.6869,1.8831,3.2357,1.0275,3.3278,1.1251,30.9549,0.7489,40.9314,0.7728,41.686,0.699,26.4043,0.8309,0.3576,0.0979,0.2754,0.0748,0.3727,0.106,0.5706,0.0365,0.5286,0.0293,0.3881,0.1868,0.4359,0.0766,0.4457,0.0141,0.2653,0.352,0.2335,0.1033,0.0343,0.0752,0.1946,0.2518,0.2171,0.1405,0.1955,0.3191,0.2604,0.1417,0.0578,0.1594,0.2927,0.2688,0.1645,0.0755,1.2086,3.0533,1.4814,2.0533,30.0519,2.7148,97.05,0.6161,27.09,30.73,42.82,40.18,54.55,63.64,36.36,36.36,54.55,63.64,45.45,36.36,54.55,63.64,45.45,36.36,72.73,100.0,90.91,100.0,9.09,0.0,45.45,72.73,54.55,27.27,100.0,100.0,0.0,0.0,45.45,90.91,54.55,9.09,54.55,45.45,18.18,63.64,Home Fav,p_Bigger,Media_Bigger,Balanced,Under_Tendency,No_Tendency,Points_Away,Bigger_Away,Bigger_Away,Bigger_Away,Yes,Yes,Bigger_Home,Bigger_Away,Bigger_Home
19,ENGLAND - LEAGUE TWO,2025-02-11,20:45,Bradford City,Accrington,1.65,3.6,5.25,1.44,2.63,1.33,3.25,2.08,1.73,2.0,1.73,0.6060606060606061,0.2777777777777778,0.19047619047619047,0.6944,0.3802,0.7519,0.3077,0.4808,0.578,0.5,0.578,0.4583,0.3143,2.1818,0.6857,3.1818,1.4583,3.6,1.95,1.65,60.9454,44.2748,39.5226,0.6857,0.5417,0.3143,0.4996,Unbalanced Game,1.9,0.6844,1.4883,0.915,0.6145,0.3418,0.7777,0.9654,0.4919,1.0616,0.1632,2.4786,0.7184,2.197,0.6409,0.3418,1.6575,0.4881,1.855,0.4047,1.0166,0.6892,1.5132,1.2218,3.4391,0.1007,8.4996,0.2204,2.0563,0.2002,6.4186,0.0369,1.0668,0.0792,1.0295,0.1675,0.7031,0.0909,0.9841,0.0545,2.2846,1.2727,2.6117,1.0842,3.3076,0.6407,1.2219,2.3822,1.7273,1.3253,2.0758,1.0544,1.3182,1.3169,0.8727,1.6919,3.6101,0.8037,3.1931,0.9165,3.7614,0.5923,0.9797,2.5602,2.2879,0.9122,2.4849,1.0414,1.5909,1.1994,0.7727,1.6954,9.1661,0.7241,7.7264,0.8523,7.9905,0.8173,7.4504,0.8304,6.3788,0.8599,6.1364,1.01,5.0,1.1145,2.3545,1.425,3.8914,0.8,2.7711,0.9925,3.9007,0.9753,2.3985,1.2136,39.5222,0.5543,28.3396,0.7162,38.9003,0.561,43.8215,0.6702,0.2482,0.0697,0.4036,0.1278,0.4505,0.0808,0.5063,0.0843,0.4798,0.0306,0.499,0.0377,0.4972,0.0406,0.2408,0.0552,0.1906,0.3159,0.2618,0.1447,0.0599,0.1565,0.2902,0.2692,0.1664,0.0772,0.3618,0.3678,0.187,0.0634,0.0161,0.2202,0.3332,0.2521,0.1272,0.0481,1.4967,1.8209,0.7693,1.7301,106.5673,0.4713,73.0856,1.0099,47.0,44.0,34.09,22.36,45.45,45.45,18.18,36.36,45.45,63.64,54.55,36.36,45.45,63.64,54.55,36.36,72.73,63.64,63.64,81.82,36.36,18.18,27.27,18.18,72.73,81.82,100.0,100.0,18.18,9.09,63.64,72.73,36.36,27.27,54.55,45.45,63.64,36.36,Home Fav,p_Bigger,Media_Bigger,Unbalanced,Under_Tendency,No_Tendency,Points_Home,Bigger_Home,Bigger_Away,Bigger_Away,Yes,Yes,Bigger_Away,Bigger_Away,Bigger_Away
20,ENGLAND - LEAGUE TWO,2025-02-11,20:45,Newport,Carlisle,2.8,3.4,2.35,1.4,2.75,1.29,3.5,2.0,1.85,1.73,2.0,0.35714285714285715,0.29411764705882354,0.425531914893617,0.7143,0.3636,0.7752,0.2857,0.5,0.5405,0.578,0.5,0.8235,1.1915,1.2143,1.4468,0.8393,0.6912,0.45,0.6,1.05,-12.6804,16.6992,-27.6995,0.1915,0.1765,0.4468,0.1495,Balanced Game,1.167,1.0716,1.0164,1.2793,0.3179,-0.4451,0.7006,1.836,0.1818,2.225,0.3826,1.3186,0.4873,1.0716,-0.1578,-0.4451,1.1905,1.5694,0.897,0.781,1.3483,1.0001,1.3421,0.8873,4.7905,0.3035,3.8997,0.1195,5.0817,0.1177,6.1629,0.1115,0.6839,0.3147,0.5753,0.0899,0.7748,0.1657,0.7571,0.1252,1.8418,1.3794,2.7619,1.0505,1.7551,2.1811,1.2768,2.1042,0.8788,1.891,1.2273,2.2117,0.6061,1.984,1.5152,1.4471,2.9579,1.2009,2.3724,1.1036,1.0216,2.4763,1.3212,2.3451,1.197,1.8418,0.9091,2.1133,0.5,2.1344,1.8485,1.2529,6.7922,0.986,8.1621,0.9772,8.1078,0.9099,8.6198,0.7752,2.5758,1.8384,3.8182,1.8503,1.803,1.6143,4.8182,1.1516,2.108,1.3912,2.8888,1.1891,3.4875,1.1772,3.4865,0.9458,32.2229,0.8152,40.778,0.6787,32.6108,0.8098,32.0221,0.6976,0.3389,0.0569,0.304,0.0826,0.586,0.0193,0.4721,0.0551,0.5848,0.1094,0.5308,0.0173,0.2769,0.0466,0.2414,0.0149,0.3041,0.362,0.2155,0.0855,0.0254,0.4078,0.3658,0.1641,0.0491,0.011,0.2597,0.3501,0.236,0.1061,0.0358,0.2613,0.3507,0.2353,0.1053,0.0353,0.9756,0.8381,1.1574,1.2017,44.7344,1.7682,80.2065,0.8181,17.64,50.91,17.45,23.27,27.27,18.18,18.18,36.36,36.36,36.36,27.27,54.55,36.36,36.36,27.27,54.55,36.36,54.55,45.45,54.55,54.55,45.45,27.27,9.09,72.73,90.91,63.64,90.91,45.45,45.45,54.55,36.36,45.45,63.64,18.18,9.09,27.27,27.27,Away Fav,p_Bigger,p_Bigger,Balanced,Under_Tendency,Yes_Tendency,Points_Home,Bigger_Home,Bigger_Home,Bigger_Home,Yes,No,Bigger_Home,Bigger_Home,Bigger_Home
21,ENGLAND - LEAGUE TWO,2025-02-11,20:45,Tranmere,Fleetwood,2.9,3.3,2.38,1.44,2.63,1.36,3.0,2.15,1.67,1.83,1.83,0.3448275862068966,0.30303030303030304,0.42016806722689076,0.6944,0.3802,0.7353,0.3333,0.4651,0.5988,0.5464,0.5464,0.8788,1.2185,1.1379,1.3866,0.8207,0.7212,0.52,0.4,0.92,-14.5742,11.3099,-24.7024,0.2185,0.1212,0.3866,0.1361,Balanced Game,1.214,1.0653,1.0811,1.241,-0.2073,0.0597,0.4885,1.069,0.6402,1.074,0.6958,0.7251,1.213,0.7204,-0.3378,0.0597,0.9954,0.8779,1.9426,1.1299,1.3331,0.4851,1.8829,0.6641,2.3128,0.1689,6.2678,0.1698,3.1463,0.2858,5.9182,0.2615,0.8206,0.1582,1.0372,0.1519,0.8661,0.2003,1.0826,0.1787,4.2117,0.8299,1.8874,1.7485,4.1865,0.7981,1.6408,1.9672,2.3636,1.1237,0.8182,2.106,2.2727,1.4472,0.7727,1.9275,3.1306,0.9198,2.05,1.3766,3.6419,0.6976,1.8369,1.7278,1.8636,1.2417,0.8333,1.7866,1.6818,1.3247,0.8788,1.688,11.8144,0.7528,5.9524,0.9962,8.4684,0.8251,8.0258,0.8746,6.6364,1.0996,2.5758,1.4748,5.8636,1.0631,2.5303,1.3543,3.8894,1.1094,3.0213,1.0758,1.5987,1.3495,3.5471,1.0939,40.9715,0.6745,31.3941,0.8156,30.8053,0.6986,34.8989,0.778,0.2875,0.0925,0.3426,0.0593,0.4109,0.0411,0.5391,0.031,0.4974,0.0521,0.4853,0.0389,0.4594,0.0359,0.3471,0.0683,0.3696,0.3679,0.1831,0.0607,0.0151,0.1433,0.2784,0.2704,0.1751,0.085,0.2637,0.3515,0.2343,0.1041,0.0347,0.1521,0.2865,0.2697,0.1693,0.0797,1.3079,1.6093,1.3989,1.7001,90.1124,0.4457,64.0624,1.0809,25.27,29.09,35.82,14.36,36.36,9.09,54.55,72.73,36.36,9.09,63.64,72.73,36.36,9.09,63.64,72.73,63.64,63.64,90.91,81.82,9.09,18.18,27.27,72.73,72.73,27.27,100.0,81.82,18.18,18.18,45.45,63.64,54.55,36.36,27.27,9.09,36.36,27.27,Away Fav,Media_Bigger,p_Bigger,Balanced,Under_Tendency,No_Tendency,Points_Home,Bigger_Away,Bigger_Away,Bigger_Away,Yes,Yes,Bigger_Away,Bigger_Away,Bigger_Home
22,ENGLAND - LEAGUE TWO,2025-02-11,20:45,Walsall,Gillingham,1.53,3.9,6.0,1.44,2.63,1.33,3.25,2.08,1.73,2.1,1.67,0.6535947712418301,0.25641025641025644,0.16666666666666666,0.6944,0.3802,0.7519,0.3077,0.4808,0.578,0.4762,0.5988,0.3923,0.255,2.549,0.65,3.9216,1.5385,4.47,2.37,2.1,65.895,49.8396,46.3972,0.745,0.6077,0.35,0.5895,Unbalanced Game,2.3186,0.4352,0.6554,1.4104,0.3255,-0.5469,0.5031,1.3667,0.5309,0.9836,0.1776,2.2776,0.5575,1.4712,1.1415,-0.5469,2.3791,0.5407,0.8034,0.5035,1.2376,0.7061,1.3504,0.4993,4.0717,0.1035,2.9953,0.1993,2.0718,0.3719,5.0071,0.1827,1.4755,0.0453,0.5459,0.1149,0.8846,0.2024,0.8187,0.1836,5.1283,0.9866,2.6715,1.1933,5.1392,0.4923,1.9353,1.64,2.1424,0.9993,2.2727,1.4738,0.7273,1.8023,2.2273,1.155,3.6626,1.0771,1.5835,1.1425,4.1118,0.5478,1.3644,1.8621,1.5227,0.9486,0.9091,1.7361,0.5909,2.0663,1.5455,1.2651,12.1191,0.7901,6.6142,0.9217,6.2053,0.8986,8.7506,0.8389,5.5258,0.8006,5.2727,1.241,2.5,1.5544,6.0455,1.0944,3.6361,0.9476,2.3117,1.194,2.485,1.0839,2.2878,1.2064,29.4426,0.7439,33.4577,0.7295,42.0426,0.6922,39.0512,0.6994,0.2706,0.1271,0.2996,0.0414,0.5502,0.0296,0.3825,0.0959,0.463,0.0225,0.4775,0.0748,0.5874,0.0412,0.2737,0.0691,0.0926,0.2204,0.2622,0.2079,0.1237,0.4478,0.3598,0.1445,0.0387,0.0078,0.2901,0.359,0.2222,0.0916,0.0284,0.2591,0.3499,0.2363,0.1064,0.0359,2.373,0.8537,1.1912,1.3993,83.64,0.7846,35.0958,1.9278,50.82,27.64,41.45,47.91,36.36,45.45,9.09,18.18,72.73,54.55,27.27,45.45,72.73,54.55,27.27,45.45,72.73,72.73,45.45,63.64,54.55,36.36,18.18,27.27,81.82,72.73,100.0,100.0,9.09,18.18,54.55,36.36,45.45,63.64,36.36,27.27,63.64,9.09,Home Fav,p_Bigger,Media_Bigger,Unbalanced,Under_Tendency,No_Tendency,Points_Home,Bigger_Home,Bigger_Home,Bigger_Away,Yes,No,Bigger_Away,Bigger_Home,Bigger_Away
23,NORTHERN IRELAND - NIFL PREMIERSHIP,2025-02-11,20:45,Linfield,Larne,1.6,3.6,4.75,1.37,2.85,1.33,3.2,2.1,1.68,2.07,1.68,0.625,0.2777777777777778,0.21052631578947367,0.7299,0.3509,0.7519,0.3125,0.4762,0.5952,0.4831,0.5952,0.4444,0.3368,2.25,0.7579,2.9688,1.3194,3.15,2.0,1.15,57.5877,45.0,29.8989,0.6632,0.5556,0.2421,0.4894,Unbalanced Game,1.5147,0.9251,1.2536,1.1485,0.7077,-0.3707,0.8878,1.5112,0.1751,2.6676,0.1802,1.6731,0.1314,3.0784,0.4912,-0.3707,1.5534,0.9021,0.7584,1.5601,1.0622,0.842,1.129,0.9252,2.4572,0.1213,2.4727,0.0907,1.5318,0.1333,6.4206,0.1,1.2633,0.1039,0.6793,0.193,0.8542,0.0755,0.6338,0.1182,2.166,1.5773,2.5725,1.011,6.1479,0.3874,2.7089,0.8707,1.1939,1.8879,1.4848,1.4631,0.803,2.5196,1.9091,1.233,2.1172,1.5561,2.1883,1.2137,3.7978,0.5396,1.5784,1.4472,1.1182,1.7981,0.9242,1.1157,0.3485,3.2327,1.4394,1.1395,4.6603,1.3394,5.4234,0.7434,2.8139,1.2956,9.9429,0.5582,2.603,1.5086,2.4091,1.1697,1.4242,1.8011,4.0152,1.299,3.0496,1.1864,2.0672,1.1903,2.7063,1.3969,7.41,0.5866,33.5873,0.8683,38.8206,0.4252,27.9491,0.8477,57.3582,0.3537,0.2643,0.1604,0.2895,0.094,0.6865,0.0252,0.4454,0.0543,0.4873,0.0382,0.4232,0.0685,0.7083,0.022,0.3586,0.2217,0.2115,0.3286,0.2552,0.1321,0.0513,0.4684,0.3552,0.1347,0.0341,0.0065,0.3457,0.3672,0.195,0.069,0.0183,0.3234,0.3651,0.2061,0.0776,0.0219,1.7574,0.8458,0.9392,0.7548,68.5308,1.0938,-91.6956,-2.0847,36.82,25.18,48.18,28.27,54.55,27.27,0.0,9.09,90.91,45.45,9.09,36.36,90.91,45.45,9.09,36.36,63.64,27.27,54.55,36.36,45.45,63.64,27.27,9.09,72.73,90.91,100.0,81.82,18.18,45.45,54.55,36.36,45.45,63.64,45.45,18.18,54.55,45.45,Home Fav,Media_Bigger,Media_Bigger,Unbalanced,Under_Tendency,No_Tendency,Points_Home,Bigger_Home,Bigger_Home,Bigger_Away,Yes,No,Bigger_Away,Bigger_Home,Bigger_Home
24,EUROPE - CHAMPIONS LEAGUE,2025-02-11,21:00,Juventus,PSV,1.91,3.5,4.1,1.4,2.75,1.33,3.4,2.06,1.84,1.8,1.95,0.5235602094240838,0.2857142857142857,0.24390243902439027,0.7143,0.3636,0.7519,0.2941,0.4854,0.5435,0.5556,0.5128,0.5457,0.4659,1.8325,0.8537,2.1466,1.1714,2.19,1.59,0.6,47.5964,38.4847,16.6992,0.5341,0.4543,0.1463,0.3508,Unbalanced Game,1.7228,0.7044,1.4706,1.0128,-0.0963,0.3313,0.2901,1.8001,1.1968,0.7887,0.3864,1.7795,0.3954,1.739,0.513,0.3313,1.4169,0.5789,1.7824,0.8321,0.9039,1.0443,1.4511,0.7077,2.9719,0.1637,3.7276,0.135,1.8992,0.1976,2.903,0.0981,0.9968,0.0713,1.3153,0.1611,0.8149,0.1227,0.9971,0.0496,5.7625,0.4489,4.9231,0.3997,7.3153,0.2212,12.4065,0.2349,3.3182,0.9197,2.4333,1.0578,1.6364,1.1602,2.9091,0.9841,4.4023,0.4696,4.5323,0.5014,8.2378,0.317,10.7875,0.2208,2.5909,0.9208,1.9939,0.6276,2.0455,1.4019,2.9697,0.8221,13.6599,0.3636,12.8743,0.2676,11.8077,0.444,16.8816,0.4036,7.8636,0.8058,5.9182,0.8308,5.4545,1.1814,7.8939,0.9259,5.088,0.5207,4.3657,0.5455,4.6859,0.5172,7.1664,0.5024,55.0542,0.2155,55.7808,0.2222,44.9458,0.264,44.2192,0.2802,0.4,0.073,0.3218,0.1395,0.4426,0.0978,0.88,0.0522,0.5406,0.0303,0.4194,0.1326,0.539,0.0551,0.6306,0.0788,0.2425,0.3435,0.2434,0.115,0.0407,0.1682,0.2999,0.2672,0.1588,0.0707,0.405,0.3661,0.1654,0.0498,0.0113,0.2343,0.34,0.2467,0.1193,0.0433,1.2793,1.9409,0.9155,1.3045,84.258,0.9053,12.9623,9.1668,32.91,18.82,29.64,40.36,36.36,63.64,27.27,18.18,63.64,72.73,36.36,27.27,63.64,72.73,36.36,27.27,45.45,63.64,63.64,81.82,36.36,18.18,18.18,63.64,81.82,36.36,100.0,100.0,18.18,18.18,36.36,63.64,63.64,36.36,27.27,36.36,36.36,54.55,Home Fav,Media_Bigger,Media_Bigger,Unbalanced,Under_Tendency,Yes_Tendency,Points_Home,Bigger_Home,Bigger_Away,Bigger_Away,Yes,Yes,Bigger_Home,Bigger_Away,Bigger_Home
25,EUROPE - CHAMPIONS LEAGUE,2025-02-11,21:00,Manchester City,Real Madrid,2.25,3.8,2.9,1.25,3.75,1.14,5.5,1.5,2.63,1.44,2.63,0.4444444444444444,0.2631578947368421,0.3448275862068966,0.8,0.2667,0.8772,0.1818,0.6667,0.3802,0.6944,0.3802,0.5921,0.7759,1.6889,1.3103,1.2889,0.7632,0.65,1.55,0.9,18.0042,37.7757,-24.2277,0.2241,0.4079,0.3103,0.2113,Balanced Game,1.8089,0.7188,1.5882,0.8904,0.2025,0.3299,1.0489,0.5143,0.5752,1.1243,0.8464,0.9558,0.4163,1.6517,0.6796,0.3299,2.2322,0.6727,1.7135,0.7126,1.5526,0.833,1.3836,0.7549,3.3045,0.106,3.4327,0.169,2.1109,0.1273,2.45,0.3866,1.5507,0.1156,1.3404,0.0645,1.0962,0.0777,0.8404,0.0919,6.3168,0.543,3.9375,0.5371,20.967,0.1208,12.656,0.2559,2.9333,1.0192,1.5303,0.7956,1.9545,1.476,1.7424,0.9626,6.6166,0.3542,5.0314,0.3474,19.1871,0.082,10.3992,0.2327,3.1742,0.6929,1.9697,0.7007,1.7652,0.8222,2.197,0.9486,18.8706,0.3502,11.163,0.3306,9.4451,0.3791,13.3931,0.4535,9.3394,0.8539,4.6515,0.6623,4.8712,1.066,5.0606,0.9153,6.6857,0.363,3.3857,0.4645,2.5076,0.4749,5.0038,0.4329,61.5065,0.1487,53.3426,0.1905,38.4935,0.2377,46.6574,0.2178,0.3118,0.22,0.2164,0.1927,0.9386,0.0356,0.6978,0.0208,0.4847,0.0448,0.5204,0.0619,0.7378,0.0274,0.5899,0.0431,0.1073,0.2395,0.2673,0.1989,0.111,0.1802,0.3088,0.2646,0.1511,0.0647,0.2117,0.3287,0.2552,0.1321,0.0513,0.2507,0.3468,0.2399,0.1107,0.0383,2.2681,1.9116,1.3591,0.9116,111.8797,0.6077,54.6957,1.4992,18.45,33.45,30.36,25.18,72.73,54.55,27.27,27.27,72.73,54.55,27.27,45.45,72.73,54.55,27.27,45.45,63.64,45.45,100.0,81.82,0.0,18.18,63.64,18.18,36.36,81.82,100.0,100.0,9.09,9.09,81.82,81.82,18.18,18.18,54.55,45.45,54.55,63.64,Home Fav,Media_Bigger,Media_Bigger,Balanced,Over_Tendency,Yes_Tendency,Points_Home,Bigger_Home,Bigger_Home,Bigger_Home,Yes,Yes,Bigger_Home,Bigger_Home,Bigger_Away
26,EUROPE - CHAMPIONS LEAGUE,2025-02-11,21:00,Sporting CP,Dortmund,2.25,3.6,3.0,1.33,3.25,1.22,4.33,1.73,2.1,1.57,2.25,0.4444444444444444,0.2777777777777778,0.3333333333333333,0.7519,0.3077,0.8197,0.2309,0.578,0.4762,0.6369,0.4444,0.625,0.75,1.6,1.2,1.3333,0.8333,0.75,1.35,0.6,20.556,34.0193,-16.6992,0.25,0.375,0.2,0.1969,Balanced Game,1.971,0.6454,0.4642,2.598,-0.4444,-1.4831,0.6783,1.3186,0.953,1.03,1.1227,0.8056,0.8442,1.2976,0.3586,-1.4831,1.975,0.7448,1.3953,0.6695,1.6164,0.9176,2.8784,0.568,3.7746,0.0908,3.7296,0.117,2.5735,0.3417,7.5563,0.06,1.4324,0.0996,0.9628,0.1077,0.8415,0.1264,1.4628,0.0629,4.9943,0.5433,3.4829,0.7791,10.4931,0.2807,6.7773,0.3663,2.8939,0.7637,2.6364,0.8485,1.8091,1.5279,2.2727,0.6097,6.3024,0.2467,4.0011,0.4303,9.5297,0.2688,7.6519,0.3594,3.2212,0.7053,2.4394,0.588,1.7091,1.2564,2.4136,0.5027,14.3668,0.3528,9.1618,0.5604,12.4635,0.4444,15.6745,0.3356,8.0227,0.6438,6.2424,0.7279,4.6,1.3886,5.9985,0.6183,4.9678,0.6576,4.459,0.5568,5.8016,0.5563,6.7275,0.4658,48.4317,0.3066,56.7317,0.2031,51.5683,0.2879,43.2683,0.2663,0.2082,0.2205,0.3312,0.0474,0.8161,0.048,0.76,0.0392,0.4903,0.0341,0.3667,0.1663,0.6829,0.0587,0.4711,0.1216,0.1388,0.2741,0.2706,0.1782,0.088,0.2478,0.3457,0.2412,0.1122,0.0391,0.1986,0.321,0.2595,0.1398,0.0565,0.0562,0.1618,0.2329,0.2235,0.1608,2.0173,1.3268,0.8355,2.3268,72.604,0.6502,28.8509,3.232,33.64,38.91,13.0,36.0,63.64,45.45,36.36,45.45,63.64,54.55,36.36,45.45,63.64,54.55,36.36,45.45,45.45,81.82,100.0,90.91,0.0,9.09,45.45,63.64,54.55,36.36,100.0,100.0,18.18,0.0,45.45,81.82,54.55,18.18,54.55,36.36,72.73,18.18,Home Fav,Media_Bigger,Media_Bigger,Balanced,Over_Tendency,Yes_Tendency,Points_Home,Bigger_Home,Bigger_Home,Bigger_Away,Yes,Yes,Bigger_Away,Bigger_Home,Bigger_Home
27,ENGLAND - CHAMPIONSHIP,2025-02-11,21:00,Norwich,Preston,1.75,3.6,4.75,1.44,2.63,1.33,3.4,2.0,1.8,1.91,1.8,0.5714285714285714,0.2777777777777778,0.21052631578947367,0.6944,0.3802,0.7519,0.2941,0.5,0.5556,0.5236,0.5556,0.4861,0.3684,2.0571,0.7579,2.7143,1.3194,3.0,1.85,1.15,56.3099,42.7688,29.8989,0.6316,0.5139,0.2421,0.4436,Unbalanced Game,1.7459,0.7448,1.0257,1.068,0.3538,-0.3408,1.0787,0.7706,0.3977,1.7289,0.7249,1.2478,0.6405,1.7488,0.9467,-0.3408,2.3947,0.7983,1.0046,0.9396,1.448,0.5587,1.3454,1.0172,5.5821,0.1275,3.4817,0.2005,3.2548,0.2216,4.7908,0.0397,1.5506,0.0934,0.6903,0.175,0.9142,0.1237,0.8721,0.0571,5.4434,0.3699,3.4176,0.6834,6.5044,0.282,2.7823,0.8324,2.7985,0.9356,1.8636,1.1003,2.8182,0.693,1.5455,1.2586,5.4091,0.5574,3.9614,0.6959,5.0489,0.3898,2.8071,0.6776,2.3727,0.7413,2.5152,0.9112,2.0606,0.5513,1.7273,0.9757,13.9544,0.4054,9.8895,0.5105,11.6419,0.341,12.2799,0.2226,6.7439,0.8094,5.7424,0.8381,7.2576,0.6058,4.5758,1.0036,5.7371,0.3982,3.8846,0.7731,4.3218,0.5079,4.7427,0.5998,58.1502,0.1573,45.5169,0.1936,41.8498,0.2186,54.4831,0.1617,0.292,0.0908,0.3497,0.0978,0.5352,0.0376,0.3382,0.1236,0.4788,0.0217,0.5209,0.0265,0.4649,0.0628,0.2897,0.0687,0.0912,0.2184,0.2615,0.2087,0.125,0.3662,0.3679,0.1848,0.0619,0.0155,0.235,0.3403,0.2464,0.1189,0.0431,0.2604,0.3504,0.2357,0.1057,0.0356,2.5456,1.1174,1.2728,1.481,111.2508,0.9987,25.1272,2.8765,26.91,29.36,37.45,31.73,63.64,36.36,36.36,27.27,63.64,45.45,36.36,27.27,63.64,45.45,36.36,27.27,81.82,63.64,100.0,63.64,0.0,36.36,45.45,36.36,54.55,63.64,100.0,72.73,0.0,27.27,72.73,54.55,27.27,45.45,63.64,36.36,54.55,18.18,Home Fav,p_Bigger,Media_Bigger,Unbalanced,Under_Tendency,No_Tendency,Points_Home,Bigger_Home,Bigger_Home,Bigger_Home,Yes,Yes,Bigger_Away,Bigger_Home,Bigger_Away
28,ENGLAND - LEAGUE ONE,2025-02-11,21:00,Reading,Shrewsbury,2.05,3.4,3.4,1.36,3.0,1.25,3.75,1.9,1.95,1.67,2.1,0.48780487804878053,0.29411764705882354,0.29411764705882354,0.7353,0.3333,0.8,0.2667,0.5263,0.5128,0.5988,0.4762,0.6029,0.6029,1.6585,1.0,1.6585,1.0,1.35,1.35,0.0,34.0193,34.0193,0.0,0.3971,0.3971,0.0,0.2546,Balanced Game,2.1715,0.5589,0.4486,2.0825,-0.127,-1.0392,0.7133,1.3761,0.0777,3.8803,0.8403,0.9628,0.6683,1.1764,0.8521,-1.0392,2.1126,0.6785,0.8694,1.741,1.2604,0.8691,1.9085,0.62,4.5473,0.0513,3.5499,0.2054,2.5665,0.0709,7.7502,0.068,1.4377,0.102,0.5807,0.1629,0.7559,0.0548,1.1261,0.146,2.353,1.041,2.4478,1.0696,3.9521,0.7622,1.5996,2.1672,0.9015,1.7004,0.8818,2.1258,1.5455,1.8181,2.7955,1.1734,2.7339,1.3198,1.7526,1.4618,4.6216,0.9553,1.4015,1.941,1.2121,1.6743,0.7182,1.9461,1.4849,1.9554,2.0379,1.0312,7.0301,0.9027,7.5131,0.9322,10.1154,0.8072,9.101,0.7105,3.1364,1.46,2.3636,1.674,4.5152,1.5181,6.1667,0.9305,1.7931,1.6697,3.7328,0.953,4.0352,1.2011,3.951,0.9004,38.1241,0.7779,31.7277,0.7446,32.9707,0.7774,43.5845,0.6613,0.1928,0.236,0.2712,0.1493,0.656,0.0675,0.4214,0.1569,0.5197,0.035,0.5112,0.0475,0.5118,0.0674,0.2523,0.1419,0.1209,0.2555,0.2698,0.19,0.1004,0.4192,0.3645,0.1584,0.0459,0.01,0.2835,0.3574,0.2252,0.0946,0.0298,0.1483,0.283,0.2701,0.1718,0.082,2.619,1.0185,1.2554,2.1093,87.4495,0.6718,-33.7591,-3.4439,34.18,28.45,27.18,34.73,45.45,9.09,18.18,45.45,81.82,9.09,18.18,90.91,81.82,9.09,18.18,90.91,54.55,45.45,63.64,54.55,36.36,45.45,63.64,27.27,36.36,72.73,100.0,100.0,18.18,36.36,81.82,36.36,18.18,63.64,36.36,0.0,81.82,9.09,Home Fav,Media_Bigger,p_Bigger,Balanced,Over_Tendency,Yes_Tendency,Points_Home,Bigger_Home,Bigger_Home,Bigger_Away,Yes,No,Bigger_Away,Bigger_Home,Bigger_Home
29,ARGENTINA - TORNEO BETANO,2025-02-11,21:45,Barracas Central,Central Cordoba,3.25,2.6,2.8,1.67,2.1,1.57,2.25,3.1,1.36,2.2,1.62,0.3076923076923077,0.3846153846153846,0.35714285714285715,0.5988,0.4762,0.6369,0.4444,0.3226,0.7353,0.4545,0.6173,1.25,1.1607,0.8,0.9286,0.8615,1.0769,0.45,0.65,0.2,-12.6804,-18.0042,5.7106,0.1607,0.25,0.0714,0.091,Super Balanced Game,0.5215,1.0013,1.2149,0.9802,-0.2867,-0.059,0.3796,1.329,0.244,1.9143,0.6663,0.7572,0.7392,0.8749,-1.1826,-0.059,0.7851,1.1521,0.9273,1.276,1.9677,0.7122,0.9864,0.7853,3.5842,0.1797,3.7512,0.1177,8.6845,0.1846,4.0639,0.0432,0.4877,0.1934,0.6239,0.1346,1.0332,0.1413,0.6239,0.0649,-0.4176,-3.6102,-1.0,-0.0,-0.3484,-4.3272,-0.5144,-0.0,-0.0303,-46.7921,-0.3788,-1.1489,-0.4727,-1.4914,-0.5909,-0.7394,-0.4176,-3.6102,-1.0,-0.0,-0.2906,-7.2629,-0.5144,-0.0,-0.0303,-46.7921,-0.3788,-1.1489,-0.4121,-2.1407,-0.5909,-0.7394,0.3979,9.093,-1.0,-0.0,0.9803,5.2287,-1.0,-0.0,0.6061,5.7408,-0.3788,-1.1489,-0.1091,-16.8918,-0.5909,-0.7394,-0.767,-0.7862,-1.0,-0.0,-0.0681,-35.42,-1.0,-0.0,2.7277,3.5372,-1.0,-0.0,7.1543,2.9501,-1.0,-0.0,0.2992,0.0932,0.3444,0.07,0.2956,0.0403,0.2323,0.1993,0.5602,0.0619,0.4895,0.0556,0.2481,0.1056,0.2478,0.0577,0.4561,0.3581,0.1406,0.0368,0.0072,0.3956,0.3669,0.1701,0.0526,0.0122,0.1398,0.275,0.2706,0.1775,0.0873,0.3729,0.3678,0.1814,0.0597,0.0147,0.6421,1.0039,1.7331,1.0039,8.5264,5.8592,28.0485,2.48,25.09,28.55,31.45,21.27,18.18,18.18,45.45,63.64,27.27,18.18,63.64,63.64,27.27,18.18,63.64,63.64,54.55,45.45,63.64,81.82,36.36,18.18,36.36,18.18,63.64,81.82,90.91,81.82,18.18,27.27,27.27,18.18,72.73,81.82,0.0,18.18,0.0,27.27,Away Fav,p_Bigger,p_Bigger,Super_Balanced,Under_Tendency,No_Tendency,Points_Away,Bigger_Away,Bigger_Away,Bigger_Home,No,Yes,Bigger_Away,Bigger_Home,Bigger_Home
